old,new
쌀밥,쌀밥
기타잡곡밥,혼합잡곡밥
콩밥,완두콩밥
보리밥,보리밥
돌솥밥,영양돌솥밥
현미밥,현미밥
흑미밥,흑미밥
감자밥,
곤드레밥,곤드레밥
김치볶음밥,김치볶음밥(모듬)
주먹밥,주먹밥
볶음밥,김치볶음밥(모듬)
일반비빔밥,비빔밥
전주비빔밥,비빔밥
삼선볶음밥,볶음밥(삼선)
새우볶음밥,볶음밥(새우)
알밥,알밥
산채비빔밥,비빔밥
오므라이스,오므라이스
육회비빔밥,육회비빔밥
해물볶음밥,볶음밥(해물)
열무비빔밥,열무비빔밥
불고기덮밥,덮밥(불고기)
소고기국밥,소고기국밥
송이덮밥,양송이덮밥
오징어덮밥,오징어덮밥(채소)
자장밥,자장밥
잡채밥,잡채밥
잡탕밥,잡탕밥
장어덮밥,장어덮밥
제육덮밥,덮밥(돼지고기(제육))
짬뽕밥,짬뽕밥
순대국밥,국밥(순대국밥)
카레라이스,카레라이스(돼지고기)
전주콩나물국밥,콩나물국밥
해물덮밥,해물덮밥
회덮밥,회덮밥(참치)
소머리국밥,국밥(소고기)
돼지국밥,국밥(돼지고기)
하이라이스,하이라이스
김치김밥,김밥(김치)
농어초밥,초밥(농어)
문어초밥,초밥(문어)
새우초밥,초밥(새우)
새우튀김롤,새우튀김롤
샐러드김밥,김밥(샐러드)
광어초밥,초밥(광어)
소고기김밥,김밥(소고기)
갈비삼각김밥,삼각김밥(숯불갈비)
연어롤,연어롤
연어초밥,초밥(연어)
유부초밥,유부초밥
장어초밥,장어초밥
참치김밥,김밥(참치)
참치마요삼각김밥,삼각김밥(참치마요네즈)
치즈김밥,김밥(치즈)
캘리포니아롤,캘리포니아롤
한치초밥,초밥(한치)
일반김밥,모듬김밥
간자장,간자장
굴짬뽕,짬뽕(굴)
기스면,기스면
김치라면,라면(김치)
김치우동,우동(김치)
김치말이국수,국수(김치말이국수)
닭칼국수,칼국수(닭고기)
들깨칼국수,칼국수(들깨)
떡라면,라면(떡)
라면,라면
막국수,국수(막국수)
메밀국수,메밀국수(온면)
물냉면,냉면(물냉면)
비빔국수,비빔국수
비빔냉면,냉면(비빔냉면)
삼선우동,우동(삼선)
삼선자장면,자장면(삼선)
삼선짬뽕,짬뽕(삼선)
수제비,수제비(간편조리세트_들깨버섯수제비)
쌀국수,쌀국수
열무김치국수,국수(열무김치)
오일소스스파게티,스파게티(오일소스)
일식우동,우동(일식)
볶음우동,볶음우동
자장면,자장면
잔치국수,잔치국수
짬뽕,짬뽕밥
짬뽕라면,라면(짬뽕라면)
쫄면,쫄면
치즈라면,라면(치즈)
콩국수,콩국수
크림소스스파게티,스파게티(크림소스)
토마토소스스파게티,스파게티(토마토소스)
해물칼국수,해물칼국수
회냉면,회냉면
떡국,떡국(굴)
떡만둣국,떡만두국(고기만두)
짜장라면,라면(짜장라면)
고기만두,떡만두국(고기만두)
군만두,군만두
김치만두,떡만두국(김치만두)
물만두,물만두
만둣국,만두국
게살죽,게살죽
깨죽,참깨죽
닭죽,닭죽
소고기버섯죽,소고기버섯죽
어죽,어죽
잣죽,잣죽
전복죽,전복죽
참치죽,참치죽
채소죽,채소죽
팥죽,팥죽
호박죽,호박죽
콘스프,스프(옥수수)
토마토스프,
굴국,굴국밥
김치국,김치국
달걀국,달걀국
감자국,감자국
미역국,미역국(굴)
바지락조개국,조개국(바지락)
소고기무국,무국(소고기)
소고기미역국,소고기미역국
순대국,순대국
어묵국,어묵국(어묵탕)(간편조리세트_프리미엄이자카야어묵탕)
오징어국,오징어국
토란국,토란국
탕국,
홍합미역국,홍합미역국
황태해장국,황태해장국
근대된장국,근대된장국
미소된장국,미소된장국
배추된장국,배추된장국
뼈다귀해장국,뼈다귀해장국
선지(해장)국,선지해장국(내장)
콩나물국,콩나물국밥
시금치된장국,시금치된장국
시래기된장국,시래기된장국
쑥된장국,쑥된장국
아욱된장국,아욱된장국
우거지된장국,된장국(우거지)
우거지해장국,해장국(우거지)
우렁된장국,된장국(우렁)
갈비탕,갈비탕
감자탕,감자탕
곰탕,곰탕
매운탕,메기매운탕
꼬리곰탕,꼬리곰탕
꽃게탕,꽃게탕(간편조리세트_3마리꽃게탕)
낙지탕,낙지탕
내장탕,내장탕
닭곰탕,닭곰탕
닭볶음탕,닭볶음탕
지리탕,지리탕(대구)
도가니탕,도가니탕
삼계탕,삼계탕
설렁탕,설렁탕
알탕,알탕(해물)
연포탕,연포탕
오리탕,오리탕
추어탕,추어탕
해물탕,해물탕(간편조리세트_바다를품은해물탕)
닭개장,육개장(닭고기)
육개장,육개장(닭고기)
뼈해장국,해장국(뼈다귀)
미역오이냉국,미역냉국(오이)
고등어찌개,고등어찌개
꽁치찌개,꽁치찌개
동태찌개,동태찌개
부대찌개,부대찌개(간편조리세트_오뎅식당부대찌개)
된장찌개,된장찌개(간편조리세트_고깃집된장찌개)
청국장찌개,청국장찌개(간편조리세트_영월식청국장)
두부전골,두부전골
곱창전골,곱창전골(간편조리세트_대한곱창곱창전골)
소고기전골,소고기전골(간편조리세트_어복쟁반)
국수전골,국수전골
돼지고기김치찌개,김치찌개(돼지고기)
버섯찌개,버섯찌개
참치김치찌개,김치찌개(참치)
순두부찌개,순두부찌개(간편조리세트_강릉식짬뽕순두부)
콩비지찌개,콩비지찌개
햄김치찌개,김치찌개(햄)
호박찌개,호박찌개
고추장찌개,돼지고기찌개(간편조리세트_돼지고기고추장찌개)
대구찜,대구찜
도미찜,도미찜
문어숙회,
아귀찜,아귀찜(간편조리세트_쫀득쫀득아귀찜)
조기찜,조기찜
참꼬막,꼬막찜(참꼬막)
해물찜,해물찜(간편조리세트_낙지한마리해물찜)
소갈비찜,소갈비찜
돼지갈비찜,돼지갈비찜(간편조리세트_국내산순살돼지갈비찜)
돼지고기수육,
찜닭,닭찜(간편조리세트_안동식찜닭)
족발,족발
달걀찜,달걀찜(달걀만)
닭갈비,닭볶음(닭갈비)(간편조리세트_모짜렐라치즈닭갈비)
닭꼬치,닭꼬치구이
돼지갈비,돼지갈비구이(간장)
떡갈비,떡갈비
불고기,떡볶이(간편조리세트_소불고기궁중떡볶이)
소곱창구이,소곱창구이
소양념갈비구이,갈비구이(소고기_양념)
소불고기,떡볶이(간편조리세트_소불고기궁중떡볶이)
양념왕갈비,갈비구이(왕갈비_양념)
햄버거스테이크,함박스테이크
훈제오리,훈제오리
치킨데리야끼,치킨데리야끼
치킨윙,닭날개구이
더덕구이,더덕구이
양배추구이,
두부구이,두부부침
삼치구이,삼치구이
가자미전,생선전(가자미)
굴전,굴전
동태전,동태전
해물파전,해물파전(간편조리세트_모둠해물파전)
동그랑땡,완자전(소고기(동그랑땡/육원전))
햄부침,햄부침
육전,
감자전,감자전
고추전,고추전
김치전,김치전
깻잎전,깻잎전
녹두빈대떡,녹두빈대떡
미나리전,미나리전
배추전,배추전
버섯전,버섯전
부추전,부추전
야채전,채소전
파전,파전
호박부침개,애호박부침개(새우)
호박전,호박전
달걀말이,달걀말이
두부부침,두부부침
두부전,두부전
건새우볶음,건새우볶음
낙지볶음,낙지볶음
멸치볶음,멸치볶음(풋고추)
어묵볶음,매운어묵볶음
오징어볶음,오징어볶음
오징어채볶음,오징어채볶음
주꾸미볶음,주꾸미볶음
해물볶음,해물볶음
감자볶음,감자볶음(감자만)
김치볶음,김치볶음밥(모듬)
깻잎나물볶음,깻잎나물볶음
느타리버섯볶음,느타리버섯볶음
두부김치,두부김치
머위나물볶음,머위나물볶음
양송이버섯볶음,양송이버섯볶음(소고기)
표고버섯볶음,표고버섯볶음
고추잡채,고추잡채(간편조리세트_고추잡채꽃빵키트)
호박볶음,호박볶음(호박)
돼지고기볶음,돼지고기볶음(간편조리세트_돼지고기숙주볶음)
돼지껍데기볶음,두부조림
소세지볶음,소시지볶음
순대볶음,순대볶음(간편조리세트_매콤깻잎순대볶음)
오리불고기,오리불고기
오삼불고기,돼지불고기(삼겹살_오징어)
떡볶이,떡볶이(간편조리세트_달콤짭짤궁중식떡볶이)
라볶이,라볶이
마파두부,마파두부(간편조리세트_백리향마파두부)
가자미조림,가자미조림
갈치조림,건갈치조림
고등어조림,고등어조림
꽁치조림,꽁치조림(채소)
동태조림,동태조림
북어조림,북어조림
조기조림,조기조림
코다리조림,코다리조림
달걀장조림,장조림(달걀)
메추리알장조림,메추리알장조림(꽈리고추)
돼지고기메추리알장조림,장조림(돼지고기_메추리알)
소고기메추리알장조림,장조림(소고기_메추리알)
고추조림,고추조림
감자조림,감자조림
우엉조림,우엉조림
알감자조림,감자조림
(검은)콩조림,콩조림(콩자반)
콩조림,콩조림(콩자반)
두부고추장조림,두부조림
땅콩조림,땅콩조림
미꾸라지튀김,미꾸라지튀김
새우튀김,새우튀김롤
생선가스,생선까스
쥐포튀김,쥐포튀김
오징어튀김,오징어튀김
닭강정,닭강정
닭튀김,닭튀김
돈가스,김밥(돈가스)
모래집튀김,닭모래집튀김
양념치킨,닭튀김(양념)
치즈돈가스,돈가스(치즈)
치킨가스,치킨가스
탕수육,탕수육(간편조리세트_김치피자탕수육)
깐풍기,깐풍기
감자튀김,감자튀김(간편조리세트_몬스터치즈프라이)
고구마맛탕,고구마맛탕
고구마튀김,고구마튀김
고추튀김,고추튀김
김말이튀김,김말이튀김
채소튀김,채소튀김
노각무침,노각무침
단무지무침,단무지무침
달래나물무침,달래무침
더덕무침,더덕무침
도라지생채,도라지생채
도토리묵,묵무침(도토리묵)
마늘쫑무침,마늘쫑무침
무생채,무생채(굴)
무말랭이,무말랭이무침
오이생채,오이생채
파무침,파무침
상추겉절이,상추겉절이
쑥갓나물무침,쑥갓나물무침
청포묵무침,청포묵무침
해파리냉채,해파리냉채
가지나물,가지나물
고사리나물,고사리나물
도라지나물,도라지나물
무나물,무나물
미나리나물,미나리나물
숙주나물,숙주나물
시금치나물,시금치나물(당근)
취나물,취나물무침
콩나물,콩나물국밥
고구마줄기나물,고구마줄기나물
우거지나물무침,우거지나물무침
골뱅이무침,골뱅이무침
김무침,김무침
미역초무침,미역초무침
북어채무침,북어채무침
회무침,회무침(서대)
쥐치채,
파래무침,파래무침
홍어무침,홍어무침
골뱅이국수무침,골뱅이무침(소면)
오징어무침,오징어무침(채소)
잡채,잡채밥
탕평채,탕평채
갓김치,갓김치
고들빼기,고들빼기김치
깍두기,깍두기
깻잎김치,깻잎김치
나박김치,나박김치
동치미,동치미
배추겉절이,배추겉절이
배추김치,주먹밥(배추김치)
백김치,백김치
부추김치,부추김치
열무김치,국수(열무김치)
열무얼갈이김치,열무얼갈이김치
오이소박이,오이소박이
총각김치,총각김치
파김치,파김치
간장게장,게장(간장)
마늘쫑장아찌,마늘쫑장아찌
고추장아찌,고추장아찌
깻잎장아찌,들깻잎장아찌
마늘장아찌,마늘장아찌
무장아찌,무장아찌
양념게장,게장(양념)
양파장아찌,
오이지,오이지
무피클,무초절임(치킨무)
오이피클,무초절임(치킨무)
단무지,단무지무침
오징어젓갈,양념오징어젓
명란젓,명란젓(양념)
생연어,
생선물회,물회(생선)
광어회,
훈제연어,
육회,육회비빔밥
육사시미,
가래떡,가래떡
경단,수수경단
꿀떡,꿀떡
시루떡,시루떡
메밀전병,빙떡(메밀전병)
찰떡,모듬찰떡
무지개떡,무지개떡
백설기,백설기(검정콩)
송편,송편(검정콩)
수수부꾸미,수수부꾸미
수수팥떡,수수팥떡
쑥떡,쑥떡
약식,약식
인절미,빙수(인절미_우유얼음)
절편,절편
증편,증편
찹쌀떡,찹쌀떡(팥)
매작과,매작과
다식,다식(송화)
약과,약과
유과,유과
산자,산자
깨강정,
